CREATURE,Bulbasaur,1.png,GEN_ATTRIBUTES:RARITY_GEN
CREATURE,Ivysaur,2.png,GEN_ATTRIBUTES:RARITY_GEN
CREATURE,Venusaur,3.png,GEN_ATTRIBUTES:RARITY_GEN
CREATURE,Charmander,4.png,GEN_ATTRIBUTES:RARITY_GEN
CREATURE,Charmeleon,5.png,GEN_ATTRIBUTES:RARITY_GEN
CREATURE,Charizard,6.png,GEN_ATTRIBUTES:RARITY_GEN
CREATURE,Squirtle,7.png,GEN_ATTRIBUTES:RARITY_GEN
CREATURE,Wartortle,8.png,GEN_ATTRIBUTES:RARITY_GEN
CREATURE,Blastoise,9.png,GEN_ATTRIBUTES:RARITY_GEN
CREATURE,Caterpie,10.png,GEN_ATTRIBUTES:RARITY_GEN
CREATURE,Metapod,11.png,GEN_ATTRIBUTES:RARITY_GEN
CREATURE,Butterfree,12.png,GEN_ATTRIBUTES:RARITY_GEN
CREATURE,Weedle,13.png,GEN_ATTRIBUTES:RARITY_GEN
CREATURE,Kakuna,14.png,GEN_ATTRIBUTES:RARITY_GEN
CREATURE,Beedrill,15.png,GEN_ATTRIBUTES:RARITY_GEN
CREATURE,Pidgey,16.png,GEN_ATTRIBUTES:RARITY_GEN
CREATURE,Pidgeotto,17.png,GEN_ATTRIBUTES:RARITY_GEN
CREATURE,Pidgeot,18.png,GEN_ATTRIBUTES:RARITY_GEN
CREATURE,Rattata,19.png,GEN_ATTRIBUTES:RARITY_GEN
CREATURE,Raticate,20.png,GEN_ATTRIBUTES:RARITY_GEN
CREATURE,Spearow,21.png,GEN_ATTRIBUTES:RARITY_GEN
CREATURE,Fearow,22.png,GEN_ATTRIBUTES:RARITY_GEN
CREATURE,Ekans,23.png,GEN_ATTRIBUTES:RARITY_GEN
CREATURE,Arbok,24.png,GEN_ATTRIBUTES:RARITY_GEN
CREATURE,Pikachu,25.png,GEN_ATTRIBUTES:RARITY_GEN
CREATURE,Raichu,26.png,GEN_ATTRIBUTES:RARITY_GEN
CREATURE,Sandshrew,27.png,GEN_ATTRIBUTES:RARITY_GEN
CREATURE,Sandslash,28.png,GEN_ATTRIBUTES:RARITY_GEN
CREATURE,Nidoran♀,29.png,GEN_ATTRIBUTES:RARITY_GEN
CREATURE,Nidorina,30.png,GEN_ATTRIBUTES:RARITY_GEN
CREATURE,Nidoqueen,31.png,GEN_ATTRIBUTES:RARITY_GEN
CREATURE,Nidoran♂,32.png,GEN_ATTRIBUTES:RARITY_GEN
CREATURE,Nidorino,33.png,GEN_ATTRIBUTES:RARITY_GEN
CREATURE,Nidoking,34.png,GEN_ATTRIBUTES:RARITY_GEN
CREATURE,Clefairy,35.png,GEN_ATTRIBUTES:RARITY_GEN
CREATURE,Clefable,36.png,GEN_ATTRIBUTES:RARITY_GEN
CREATURE,Vulpix,37.png,GEN_ATTRIBUTES:RARITY_GEN
CREATURE,Ninetales,38.png,GEN_ATTRIBUTES:RARITY_GEN
CREATURE,Jigglypuff,39.png,GEN_ATTRIBUTES:RARITY_GEN
CREATURE,Wigglytuff,40.png,GEN_ATTRIBUTES:RARITY_GEN
CREATURE,Zubat,41.png,GEN_ATTRIBUTES:RARITY_GEN
CREATURE,Golbat,42.png,GEN_ATTRIBUTES:RARITY_GEN
CREATURE,Oddish,43.png,GEN_ATTRIBUTES:RARITY_GEN
CREATURE,Gloom,44.png,GEN_ATTRIBUTES:RARITY_GEN
CREATURE,Vileplume,45.png,GEN_ATTRIBUTES:RARITY_GEN
CREATURE,Paras,46.png,GEN_ATTRIBUTES:RARITY_GEN
CREATURE,Parasect,47.png,GEN_ATTRIBUTES:RARITY_GEN
CREATURE,Venonat,48.png,GEN_ATTRIBUTES:RARITY_GEN
CREATURE,Venomoth,49.png,GEN_ATTRIBUTES:RARITY_GEN
CREATURE,Diglett,50.png,GEN_ATTRIBUTES:RARITY_GEN
CREATURE,Dugtrio,51.png,GEN_ATTRIBUTES:RARITY_GEN
CREATURE,Meowth,52.png,GEN_ATTRIBUTES:RARITY_GEN
CREATURE,Persian,53.png,GEN_ATTRIBUTES:RARITY_GEN
CREATURE,Psyduck,54.png,GEN_ATTRIBUTES:RARITY_GEN
CREATURE,Golduck,55.png,GEN_ATTRIBUTES:RARITY_GEN
CREATURE,Mankey,56.png,GEN_ATTRIBUTES:RARITY_GEN
CREATURE,Primeape,57.png,GEN_ATTRIBUTES:RARITY_GEN
CREATURE,Growlithe,58.png,GEN_ATTRIBUTES:RARITY_GEN
CREATURE,Arcanine,59.png,GEN_ATTRIBUTES:RARITY_GEN
CREATURE,Poliwag,60.png,GEN_ATTRIBUTES:RARITY_GEN
CREATURE,Poliwhirl,61.png,GEN_ATTRIBUTES:RARITY_GEN
CREATURE,Poliwrath,62.png,GEN_ATTRIBUTES:RARITY_GEN
CREATURE,Abra,63.png,GEN_ATTRIBUTES:RARITY_GEN
CREATURE,Kadabra,64.png,GEN_ATTRIBUTES:RARITY_GEN
CREATURE,Alakazam,65.png,GEN_ATTRIBUTES:RARITY_GEN
CREATURE,Machop,66.png,GEN_ATTRIBUTES:RARITY_GEN
CREATURE,Machoke,67.png,GEN_ATTRIBUTES:RARITY_GEN
CREATURE,Machamp,68.png,GEN_ATTRIBUTES:RARITY_GEN
CREATURE,Bellsprout,69.png,GEN_ATTRIBUTES:RARITY_GEN
CREATURE,Weepinbell,70.png,GEN_ATTRIBUTES:RARITY_GEN
CREATURE,Victreebel,71.png,GEN_ATTRIBUTES:RARITY_GEN
CREATURE,Tentacool,72.png,GEN_ATTRIBUTES:RARITY_GEN
CREATURE,Tentacruel,73.png,GEN_ATTRIBUTES:RARITY_GEN
CREATURE,Geodude,74.png,GEN_ATTRIBUTES:RARITY_GEN
CREATURE,Graveler,75.png,GEN_ATTRIBUTES:RARITY_GEN
CREATURE,Golem,76.png,GEN_ATTRIBUTES:RARITY_GEN
CREATURE,Ponyta,77.png,GEN_ATTRIBUTES:RARITY_GEN
CREATURE,Rapidash,78.png,GEN_ATTRIBUTES:RARITY_GEN
CREATURE,Slowpoke,79.png,GEN_ATTRIBUTES:RARITY_GEN
CREATURE,Slowbro,80.png,GEN_ATTRIBUTES:RARITY_GEN
CREATURE,Magnemite,81.png,GEN_ATTRIBUTES:RARITY_GEN
CREATURE,Magneton,82.png,GEN_ATTRIBUTES:RARITY_GEN
CREATURE,Farfetch'd,83.png,GEN_ATTRIBUTES:RARITY_GEN
CREATURE,Doduo,84.png,GEN_ATTRIBUTES:RARITY_GEN
CREATURE,Dodrio,85.png,GEN_ATTRIBUTES:RARITY_GEN
CREATURE,Seel,86.png,GEN_ATTRIBUTES:RARITY_GEN
CREATURE,Dewgong,87.png,GEN_ATTRIBUTES:RARITY_GEN
CREATURE,Grimer,88.png,GEN_ATTRIBUTES:RARITY_GEN
CREATURE,Muk,89.png,GEN_ATTRIBUTES:RARITY_GEN
CREATURE,Shellder,90.png,GEN_ATTRIBUTES:RARITY_GEN
CREATURE,Cloyster,91.png,GEN_ATTRIBUTES:RARITY_GEN
CREATURE,Gastly,92.png,GEN_ATTRIBUTES:RARITY_GEN
CREATURE,Haunter,93.png,GEN_ATTRIBUTES:RARITY_GEN
CREATURE,Gengar,94.png,GEN_ATTRIBUTES:RARITY_GEN
CREATURE,Onix,95.png,GEN_ATTRIBUTES:RARITY_GEN
CREATURE,Drowzee,96.png,GEN_ATTRIBUTES:RARITY_GEN
CREATURE,Hypno,97.png,GEN_ATTRIBUTES:RARITY_GEN
CREATURE,Krabby,98.png,GEN_ATTRIBUTES:RARITY_GEN
CREATURE,Kingler,99.png,GEN_ATTRIBUTES:RARITY_GEN
CREATURE,Voltorb,100.png,GEN_ATTRIBUTES:RARITY_GEN
CREATURE,Electrode,101.png,GEN_ATTRIBUTES:RARITY_GEN
CREATURE,Exeggcute,102.png,GEN_ATTRIBUTES:RARITY_GEN
CREATURE,Exeggutor,103.png,GEN_ATTRIBUTES:RARITY_GEN
CREATURE,Cubone,104.png,GEN_ATTRIBUTES:RARITY_GEN
CREATURE,Marowak,105.png,GEN_ATTRIBUTES:RARITY_GEN
CREATURE,Hitmonlee,106.png,GEN_ATTRIBUTES:RARITY_GEN
CREATURE,Hitmonchan,107.png,GEN_ATTRIBUTES:RARITY_GEN
CREATURE,Lickitung,108.png,GEN_ATTRIBUTES:RARITY_GEN
CREATURE,Koffing,109.png,GEN_ATTRIBUTES:RARITY_GEN
CREATURE,Weezing,110.png,GEN_ATTRIBUTES:RARITY_GEN
CREATURE,Rhyhorn,111.png,GEN_ATTRIBUTES:RARITY_GEN
CREATURE,Rhydon,112.png,GEN_ATTRIBUTES:RARITY_GEN
CREATURE,Chansey,113.png,GEN_ATTRIBUTES:RARITY_GEN
CREATURE,Tangela,114.png,GEN_ATTRIBUTES:RARITY_GEN
CREATURE,Kangaskhan,115.png,GEN_ATTRIBUTES:RARITY_GEN
CREATURE,Horsea,116.png,GEN_ATTRIBUTES:RARITY_GEN
CREATURE,Seadra,117.png,GEN_ATTRIBUTES:RARITY_GEN
CREATURE,Goldeen,118.png,GEN_ATTRIBUTES:RARITY_GEN
CREATURE,Seaking,119.png,GEN_ATTRIBUTES:RARITY_GEN
CREATURE,Staryu,120.png,GEN_ATTRIBUTES:RARITY_GEN
CREATURE,Starmie,121.png,GEN_ATTRIBUTES:RARITY_GEN
CREATURE,Mr. Mime,122.png,GEN_ATTRIBUTES:RARITY_GEN
CREATURE,Scyther,123.png,GEN_ATTRIBUTES:RARITY_GEN
CREATURE,Jynx,124.png,GEN_ATTRIBUTES:RARITY_GEN
CREATURE,Electabuzz,125.png,GEN_ATTRIBUTES:RARITY_GEN
CREATURE,Magmar,126.png,GEN_ATTRIBUTES:RARITY_GEN
CREATURE,Pinsir,127.png,GEN_ATTRIBUTES:RARITY_GEN
CREATURE,Tauros,128.png,GEN_ATTRIBUTES:RARITY_GEN
CREATURE,Magikarp,129.png,GEN_ATTRIBUTES:RARITY_GEN
CREATURE,Gyarados,130.png,GEN_ATTRIBUTES:RARITY_GEN
CREATURE,Lapras,131.png,GEN_ATTRIBUTES:RARITY_GEN
CREATURE,Ditto,132.png,GEN_ATTRIBUTES:RARITY_GEN
CREATURE,Eevee,133.png,GEN_ATTRIBUTES:RARITY_GEN
CREATURE,Vaporeon,134.png,GEN_ATTRIBUTES:RARITY_GEN
CREATURE,Jolteon,135.png,GEN_ATTRIBUTES:RARITY_GEN
CREATURE,Flareon,136.png,GEN_ATTRIBUTES:RARITY_GEN
CREATURE,Porygon,137.png,GEN_ATTRIBUTES:RARITY_GEN
CREATURE,Omanyte,138.png,GEN_ATTRIBUTES:RARITY_GEN
CREATURE,Omastar,139.png,GEN_ATTRIBUTES:RARITY_GEN
CREATURE,Kabuto,140.png,GEN_ATTRIBUTES:RARITY_GEN
CREATURE,Kabutops,141.png,GEN_ATTRIBUTES:RARITY_GEN
CREATURE,Aerodactyl,142.png,GEN_ATTRIBUTES:RARITY_GEN
CREATURE,Snorlax,143.png,GEN_ATTRIBUTES:RARITY_GEN
CREATURE,Articuno,144.png,GEN_ATTRIBUTES:RARITY_GEN
CREATURE,Zapdos,145.png,GEN_ATTRIBUTES:RARITY_GEN
CREATURE,Moltres,146.png,GEN_ATTRIBUTES:RARITY_GEN
CREATURE,Dratini,147.png,GEN_ATTRIBUTES:RARITY_GEN
CREATURE,Dragonair,148.png,GEN_ATTRIBUTES:RARITY_GEN
CREATURE,Dragonite,149.png,GEN_ATTRIBUTES:RARITY_GEN
CREATURE,Mewtwo,150.png,GEN_ATTRIBUTES:RARITY_GEN
CREATURE,Mew,151.png,GEN_ATTRIBUTES:RARITY_GEN
CREATURE,Chikorita,152.png,GEN_ATTRIBUTES:RARITY_GEN
CREATURE,Bayleef,153.png,GEN_ATTRIBUTES:RARITY_GEN
CREATURE,Meganium,154.png,GEN_ATTRIBUTES:RARITY_GEN
CREATURE,Cyndaquil,155.png,GEN_ATTRIBUTES:RARITY_GEN
CREATURE,Quilava,156.png,GEN_ATTRIBUTES:RARITY_GEN
CREATURE,Typhlosion,157.png,GEN_ATTRIBUTES:RARITY_GEN
CREATURE,Totodile,158.png,GEN_ATTRIBUTES:RARITY_GEN
CREATURE,Croconaw,159.png,GEN_ATTRIBUTES:RARITY_GEN
CREATURE,Feraligatr,160.png,GEN_ATTRIBUTES:RARITY_GEN
CREATURE,Sentret,161.png,GEN_ATTRIBUTES:RARITY_GEN
CREATURE,Furret,162.png,GEN_ATTRIBUTES:RARITY_GEN
CREATURE,Hoothoot,163.png,GEN_ATTRIBUTES:RARITY_GEN
CREATURE,Noctowl,164.png,GEN_ATTRIBUTES:RARITY_GEN
CREATURE,Ledyba,165.png,GEN_ATTRIBUTES:RARITY_GEN
CREATURE,Ledian,166.png,GEN_ATTRIBUTES:RARITY_GEN
CREATURE,Spinarak,167.png,GEN_ATTRIBUTES:RARITY_GEN
CREATURE,Ariados,168.png,GEN_ATTRIBUTES:RARITY_GEN
CREATURE,Crobat,169.png,GEN_ATTRIBUTES:RARITY_GEN
CREATURE,Chinchou,170.png,GEN_ATTRIBUTES:RARITY_GEN
CREATURE,Lanturn,171.png,GEN_ATTRIBUTES:RARITY_GEN
CREATURE,Pichu,172.png,GEN_ATTRIBUTES:RARITY_GEN
CREATURE,Cleffa,173.png,GEN_ATTRIBUTES:RARITY_GEN
CREATURE,Igglybuff,174.png,GEN_ATTRIBUTES:RARITY_GEN
CREATURE,Togepi,175.png,GEN_ATTRIBUTES:RARITY_GEN
CREATURE,Togetic,176.png,GEN_ATTRIBUTES:RARITY_GEN
CREATURE,Natu,177.png,GEN_ATTRIBUTES:RARITY_GEN
CREATURE,Xatu,178.png,GEN_ATTRIBUTES:RARITY_GEN
CREATURE,Mareep,179.png,GEN_ATTRIBUTES:RARITY_GEN
CREATURE,Flaaffy,180.png,GEN_ATTRIBUTES:RARITY_GEN
CREATURE,Ampharos,181.png,GEN_ATTRIBUTES:RARITY_GEN
CREATURE,Bellossom,182.png,GEN_ATTRIBUTES:RARITY_GEN
CREATURE,Marill,183.png,GEN_ATTRIBUTES:RARITY_GEN
CREATURE,Azumarill,184.png,GEN_ATTRIBUTES:RARITY_GEN
CREATURE,Sudowoodo,185.png,GEN_ATTRIBUTES:RARITY_GEN
CREATURE,Politoed,186.png,GEN_ATTRIBUTES:RARITY_GEN
CREATURE,Hoppip,187.png,GEN_ATTRIBUTES:RARITY_GEN
CREATURE,Skiploom,188.png,GEN_ATTRIBUTES:RARITY_GEN
CREATURE,Jumpluff,189.png,GEN_ATTRIBUTES:RARITY_GEN
CREATURE,Aipom,190.png,GEN_ATTRIBUTES:RARITY_GEN
CREATURE,Sunkern,191.png,GEN_ATTRIBUTES:RARITY_GEN
CREATURE,Sunflora,192.png,GEN_ATTRIBUTES:RARITY_GEN
CREATURE,Yanma,193.png,GEN_ATTRIBUTES:RARITY_GEN
CREATURE,Wooper,194.png,GEN_ATTRIBUTES:RARITY_GEN
CREATURE,Quagsire,195.png,GEN_ATTRIBUTES:RARITY_GEN
CREATURE,Espeon,196.png,GEN_ATTRIBUTES:RARITY_GEN
CREATURE,Umbreon,197.png,GEN_ATTRIBUTES:RARITY_GEN
CREATURE,Murkrow,198.png,GEN_ATTRIBUTES:RARITY_GEN
CREATURE,Slowking,199.png,GEN_ATTRIBUTES:RARITY_GEN
CREATURE,Misdreavus,200.png,GEN_ATTRIBUTES:RARITY_GEN
CREATURE,Unown,201.png,GEN_ATTRIBUTES:RARITY_GEN
CREATURE,Wobbuffet,202.png,GEN_ATTRIBUTES:RARITY_GEN
CREATURE,Girafarig,203.png,GEN_ATTRIBUTES:RARITY_GEN
CREATURE,Pineco,204.png,GEN_ATTRIBUTES:RARITY_GEN
CREATURE,Forretress,205.png,GEN_ATTRIBUTES:RARITY_GEN
CREATURE,Dunsparce,206.png,GEN_ATTRIBUTES:RARITY_GEN
CREATURE,Gligar,207.png,GEN_ATTRIBUTES:RARITY_GEN
CREATURE,Steelix,208.png,GEN_ATTRIBUTES:RARITY_GEN
CREATURE,Snubbull,209.png,GEN_ATTRIBUTES:RARITY_GEN
CREATURE,Granbull,210.png,GEN_ATTRIBUTES:RARITY_GEN
CREATURE,Qwilfish,211.png,GEN_ATTRIBUTES:RARITY_GEN
CREATURE,Scizor,212.png,GEN_ATTRIBUTES:RARITY_GEN
CREATURE,Shuckle,213.png,GEN_ATTRIBUTES:RARITY_GEN
CREATURE,Heracross,214.png,GEN_ATTRIBUTES:RARITY_GEN
CREATURE,Sneasel,215.png,GEN_ATTRIBUTES:RARITY_GEN
CREATURE,Teddiursa,216.png,GEN_ATTRIBUTES:RARITY_GEN
CREATURE,Ursaring,217.png,GEN_ATTRIBUTES:RARITY_GEN
CREATURE,Slugma,218.png,GEN_ATTRIBUTES:RARITY_GEN
CREATURE,Magcargo,219.png,GEN_ATTRIBUTES:RARITY_GEN
CREATURE,Swinub,220.png,GEN_ATTRIBUTES:RARITY_GEN
CREATURE,Piloswine,221.png,GEN_ATTRIBUTES:RARITY_GEN
CREATURE,Corsola,222.png,GEN_ATTRIBUTES:RARITY_GEN
CREATURE,Remoraid,223.png,GEN_ATTRIBUTES:RARITY_GEN
CREATURE,Octillery,224.png,GEN_ATTRIBUTES:RARITY_GEN
CREATURE,Delibird,225.png,GEN_ATTRIBUTES:RARITY_GEN
CREATURE,Mantine,226.png,GEN_ATTRIBUTES:RARITY_GEN
CREATURE,Skarmory,227.png,GEN_ATTRIBUTES:RARITY_GEN
CREATURE,Houndour,228.png,GEN_ATTRIBUTES:RARITY_GEN
CREATURE,Houndoom,229.png,GEN_ATTRIBUTES:RARITY_GEN
CREATURE,Kingdra,230.png,GEN_ATTRIBUTES:RARITY_GEN
CREATURE,Phanpy,231.png,GEN_ATTRIBUTES:RARITY_GEN
CREATURE,Donphan,232.png,GEN_ATTRIBUTES:RARITY_GEN
CREATURE,Porygon2,233.png,GEN_ATTRIBUTES:RARITY_GEN
CREATURE,Stantler,234.png,GEN_ATTRIBUTES:RARITY_GEN
CREATURE,Smeargle,235.png,GEN_ATTRIBUTES:RARITY_GEN
CREATURE,Tyrogue,236.png,GEN_ATTRIBUTES:RARITY_GEN
CREATURE,Hitmontop,237.png,GEN_ATTRIBUTES:RARITY_GEN
CREATURE,Smoochum,238.png,GEN_ATTRIBUTES:RARITY_GEN
CREATURE,Elekid,239.png,GEN_ATTRIBUTES:RARITY_GEN
CREATURE,Magby,240.png,GEN_ATTRIBUTES:RARITY_GEN
CREATURE,Miltank,241.png,GEN_ATTRIBUTES:RARITY_GEN
CREATURE,Blissey,242.png,GEN_ATTRIBUTES:RARITY_GEN
CREATURE,Raikou,243.png,GEN_ATTRIBUTES:RARITY_GEN
CREATURE,Entei,244.png,GEN_ATTRIBUTES:RARITY_GEN
CREATURE,Suicune,245.png,GEN_ATTRIBUTES:RARITY_GEN
CREATURE,Larvitar,246.png,GEN_ATTRIBUTES:RARITY_GEN
CREATURE,Pupitar,247.png,GEN_ATTRIBUTES:RARITY_GEN
CREATURE,Tyranitar,248.png,GEN_ATTRIBUTES:RARITY_GEN
CREATURE,Lugia,249.png,GEN_ATTRIBUTES:RARITY_GEN
CREATURE,Ho-Oh,250.png,GEN_ATTRIBUTES:RARITY_GEN
CREATURE,Celebi,251.png,GEN_ATTRIBUTES:RARITY_GEN
CREATURE,Treecko,252.png,GEN_ATTRIBUTES:RARITY_GEN
CREATURE,Grovyle,253.png,GEN_ATTRIBUTES:RARITY_GEN
CREATURE,Sceptile,254.png,GEN_ATTRIBUTES:RARITY_GEN
CREATURE,Torchic,255.png,GEN_ATTRIBUTES:RARITY_GEN
CREATURE,Combusken,256.png,GEN_ATTRIBUTES:RARITY_GEN
CREATURE,Blaziken,257.png,GEN_ATTRIBUTES:RARITY_GEN
CREATURE,Mudkip,258.png,GEN_ATTRIBUTES:RARITY_GEN
CREATURE,Marshtomp,259.png,GEN_ATTRIBUTES:RARITY_GEN
CREATURE,Swampert,260.png,GEN_ATTRIBUTES:RARITY_GEN
CREATURE,Poochyena,261.png,GEN_ATTRIBUTES:RARITY_GEN
CREATURE,Mightyena,262.png,GEN_ATTRIBUTES:RARITY_GEN
CREATURE,Zigzagoon,263.png,GEN_ATTRIBUTES:RARITY_GEN
CREATURE,Linoone,264.png,GEN_ATTRIBUTES:RARITY_GEN
CREATURE,Wurmple,265.png,GEN_ATTRIBUTES:RARITY_GEN
CREATURE,Silcoon,266.png,GEN_ATTRIBUTES:RARITY_GEN
CREATURE,Beautifly,267.png,GEN_ATTRIBUTES:RARITY_GEN
CREATURE,Cascoon,268.png,GEN_ATTRIBUTES:RARITY_GEN
CREATURE,Dustox,269.png,GEN_ATTRIBUTES:RARITY_GEN
CREATURE,Lotad,270.png,GEN_ATTRIBUTES:RARITY_GEN
CREATURE,Lombre,271.png,GEN_ATTRIBUTES:RARITY_GEN
CREATURE,Ludicolo,272.png,GEN_ATTRIBUTES:RARITY_GEN
CREATURE,Seedot,273.png,GEN_ATTRIBUTES:RARITY_GEN
CREATURE,Nuzleaf,274.png,GEN_ATTRIBUTES:RARITY_GEN
CREATURE,Shiftry,275.png,GEN_ATTRIBUTES:RARITY_GEN
CREATURE,Taillow,276.png,GEN_ATTRIBUTES:RARITY_GEN
CREATURE,Swellow,277.png,GEN_ATTRIBUTES:RARITY_GEN
CREATURE,Wingull,278.png,GEN_ATTRIBUTES:RARITY_GEN
CREATURE,Pelipper,279.png,GEN_ATTRIBUTES:RARITY_GEN
CREATURE,Ralts,280.png,GEN_ATTRIBUTES:RARITY_GEN
CREATURE,Kirlia,281.png,GEN_ATTRIBUTES:RARITY_GEN
CREATURE,Gardevoir,282.png,GEN_ATTRIBUTES:RARITY_GEN
CREATURE,Surskit,283.png,GEN_ATTRIBUTES:RARITY_GEN
CREATURE,Masquerain,284.png,GEN_ATTRIBUTES:RARITY_GEN
CREATURE,Shroomish,285.png,GEN_ATTRIBUTES:RARITY_GEN
CREATURE,Breloom,286.png,GEN_ATTRIBUTES:RARITY_GEN
CREATURE,Slakoth,287.png,GEN_ATTRIBUTES:RARITY_GEN
CREATURE,Vigoroth,288.png,GEN_ATTRIBUTES:RARITY_GEN
CREATURE,Slaking,289.png,GEN_ATTRIBUTES:RARITY_GEN
CREATURE,Nincada,290.png,GEN_ATTRIBUTES:RARITY_GEN
CREATURE,Ninjask,291.png,GEN_ATTRIBUTES:RARITY_GEN
CREATURE,Shedinja,292.png,GEN_ATTRIBUTES:RARITY_GEN
CREATURE,Whismur,293.png,GEN_ATTRIBUTES:RARITY_GEN
CREATURE,Loudred,294.png,GEN_ATTRIBUTES:RARITY_GEN
CREATURE,Exploud,295.png,GEN_ATTRIBUTES:RARITY_GEN
CREATURE,Makuhita,296.png,GEN_ATTRIBUTES:RARITY_GEN
CREATURE,Hariyama,297.png,GEN_ATTRIBUTES:RARITY_GEN
CREATURE,Azurill,298.png,GEN_ATTRIBUTES:RARITY_GEN
CREATURE,Nosepass,299.png,GEN_ATTRIBUTES:RARITY_GEN
CREATURE,Skitty,300.png,GEN_ATTRIBUTES:RARITY_GEN
CREATURE,Delcatty,301.png,GEN_ATTRIBUTES:RARITY_GEN
CREATURE,Sableye,302.png,GEN_ATTRIBUTES:RARITY_GEN
CREATURE,Mawile,303.png,GEN_ATTRIBUTES:RARITY_GEN
CREATURE,Aron,304.png,GEN_ATTRIBUTES:RARITY_GEN
CREATURE,Lairon,305.png,GEN_ATTRIBUTES:RARITY_GEN
CREATURE,Aggron,306.png,GEN_ATTRIBUTES:RARITY_GEN
CREATURE,Meditite,307.png,GEN_ATTRIBUTES:RARITY_GEN
CREATURE,Medicham,308.png,GEN_ATTRIBUTES:RARITY_GEN
CREATURE,Electrike,309.png,GEN_ATTRIBUTES:RARITY_GEN
CREATURE,Manectric,310.png,GEN_ATTRIBUTES:RARITY_GEN
CREATURE,Plusle,311.png,GEN_ATTRIBUTES:RARITY_GEN
CREATURE,Minun,312.png,GEN_ATTRIBUTES:RARITY_GEN
CREATURE,Volbeat,313.png,GEN_ATTRIBUTES:RARITY_GEN
CREATURE,Illumise,314.png,GEN_ATTRIBUTES:RARITY_GEN
CREATURE,Roselia,315.png,GEN_ATTRIBUTES:RARITY_GEN
CREATURE,Gulpin,316.png,GEN_ATTRIBUTES:RARITY_GEN
CREATURE,Swalot,317.png,GEN_ATTRIBUTES:RARITY_GEN
CREATURE,Carvanha,318.png,GEN_ATTRIBUTES:RARITY_GEN
CREATURE,Sharpedo,319.png,GEN_ATTRIBUTES:RARITY_GEN
CREATURE,Wailmer,320.png,GEN_ATTRIBUTES:RARITY_GEN
CREATURE,Wailord,321.png,GEN_ATTRIBUTES:RARITY_GEN
CREATURE,Numel,322.png,GEN_ATTRIBUTES:RARITY_GEN
CREATURE,Camerupt,323.png,GEN_ATTRIBUTES:RARITY_GEN
CREATURE,Torkoal,324.png,GEN_ATTRIBUTES:RARITY_GEN
CREATURE,Spoink,325.png,GEN_ATTRIBUTES:RARITY_GEN
CREATURE,Grumpig,326.png,GEN_ATTRIBUTES:RARITY_GEN
CREATURE,Spinda,327.png,GEN_ATTRIBUTES:RARITY_GEN
CREATURE,Trapinch,328.png,GEN_ATTRIBUTES:RARITY_GEN
CREATURE,Vibrava,329.png,GEN_ATTRIBUTES:RARITY_GEN
CREATURE,Flygon,330.png,GEN_ATTRIBUTES:RARITY_GEN
CREATURE,Cacnea,331.png,GEN_ATTRIBUTES:RARITY_GEN
CREATURE,Cacturne,332.png,GEN_ATTRIBUTES:RARITY_GEN
CREATURE,Swablu,333.png,GEN_ATTRIBUTES:RARITY_GEN
CREATURE,Altaria,334.png,GEN_ATTRIBUTES:RARITY_GEN
CREATURE,Zangoose,335.png,GEN_ATTRIBUTES:RARITY_GEN
CREATURE,Seviper,336.png,GEN_ATTRIBUTES:RARITY_GEN
CREATURE,Lunatone,337.png,GEN_ATTRIBUTES:RARITY_GEN
CREATURE,Solrock,338.png,GEN_ATTRIBUTES:RARITY_GEN
CREATURE,Barboach,339.png,GEN_ATTRIBUTES:RARITY_GEN
CREATURE,Whiscash,340.png,GEN_ATTRIBUTES:RARITY_GEN
CREATURE,Corphish,341.png,GEN_ATTRIBUTES:RARITY_GEN
CREATURE,Crawdaunt,342.png,GEN_ATTRIBUTES:RARITY_GEN
CREATURE,Baltoy,343.png,GEN_ATTRIBUTES:RARITY_GEN
CREATURE,Claydol,344.png,GEN_ATTRIBUTES:RARITY_GEN
CREATURE,Lileep,345.png,GEN_ATTRIBUTES:RARITY_GEN
CREATURE,Cradily,346.png,GEN_ATTRIBUTES:RARITY_GEN
CREATURE,Anorith,347.png,GEN_ATTRIBUTES:RARITY_GEN
CREATURE,Armaldo,348.png,GEN_ATTRIBUTES:RARITY_GEN
CREATURE,Feebas,349.png,GEN_ATTRIBUTES:RARITY_GEN
CREATURE,Milotic,350.png,GEN_ATTRIBUTES:RARITY_GEN
CREATURE,Castform,351.png,GEN_ATTRIBUTES:RARITY_GEN
CREATURE,Kecleon,352.png,GEN_ATTRIBUTES:RARITY_GEN
CREATURE,Shuppet,353.png,GEN_ATTRIBUTES:RARITY_GEN
CREATURE,Banette,354.png,GEN_ATTRIBUTES:RARITY_GEN
CREATURE,Duskull,355.png,GEN_ATTRIBUTES:RARITY_GEN
CREATURE,Dusclops,356.png,GEN_ATTRIBUTES:RARITY_GEN
CREATURE,Tropius,357.png,GEN_ATTRIBUTES:RARITY_GEN
CREATURE,Chimecho,358.png,GEN_ATTRIBUTES:RARITY_GEN
CREATURE,Absol,359.png,GEN_ATTRIBUTES:RARITY_GEN
CREATURE,Wynaut,360.png,GEN_ATTRIBUTES:RARITY_GEN
CREATURE,Snorunt,361.png,GEN_ATTRIBUTES:RARITY_GEN
CREATURE,Glalie,362.png,GEN_ATTRIBUTES:RARITY_GEN
CREATURE,Spheal,363.png,GEN_ATTRIBUTES:RARITY_GEN
CREATURE,Sealeo,364.png,GEN_ATTRIBUTES:RARITY_GEN
CREATURE,Walrein,365.png,GEN_ATTRIBUTES:RARITY_GEN
CREATURE,Clamperl,366.png,GEN_ATTRIBUTES:RARITY_GEN
CREATURE,Huntail,367.png,GEN_ATTRIBUTES:RARITY_GEN
CREATURE,Gorebyss,368.png,GEN_ATTRIBUTES:RARITY_GEN
CREATURE,Relicanth,369.png,GEN_ATTRIBUTES:RARITY_GEN
CREATURE,Luvdisc,370.png,GEN_ATTRIBUTES:RARITY_GEN
CREATURE,Bagon,371.png,GEN_ATTRIBUTES:RARITY_GEN
CREATURE,Shelgon,372.png,GEN_ATTRIBUTES:RARITY_GEN
CREATURE,Salamence,373.png,GEN_ATTRIBUTES:RARITY_GEN
CREATURE,Beldum,374.png,GEN_ATTRIBUTES:RARITY_GEN
CREATURE,Metang,375.png,GEN_ATTRIBUTES:RARITY_GEN
CREATURE,Metagross,376.png,GEN_ATTRIBUTES:RARITY_GEN
CREATURE,Regirock,377.png,GEN_ATTRIBUTES:RARITY_GEN
CREATURE,Regice,378.png,GEN_ATTRIBUTES:RARITY_GEN
CREATURE,Registeel,379.png,GEN_ATTRIBUTES:RARITY_GEN
CREATURE,Latias,380.png,GEN_ATTRIBUTES:RARITY_GEN
CREATURE,Latios,381.png,GEN_ATTRIBUTES:RARITY_GEN
CREATURE,Kyogre,382.png,GEN_ATTRIBUTES:RARITY_GEN
CREATURE,Groudon,383.png,GEN_ATTRIBUTES:RARITY_GEN
CREATURE,Rayquaza,384.png,GEN_ATTRIBUTES:RARITY_GEN
CREATURE,Jirachi,385.png,GEN_ATTRIBUTES:RARITY_GEN
CREATURE,Deoxys,386.png,GEN_ATTRIBUTES:RARITY_GEN
CREATURE,Turtwig,387.png,GEN_ATTRIBUTES:RARITY_GEN
CREATURE,Grotle,388.png,GEN_ATTRIBUTES:RARITY_GEN
CREATURE,Torterra,389.png,GEN_ATTRIBUTES:RARITY_GEN
CREATURE,Chimchar,390.png,GEN_ATTRIBUTES:RARITY_GEN
CREATURE,Monferno,391.png,GEN_ATTRIBUTES:RARITY_GEN
CREATURE,Infernape,392.png,GEN_ATTRIBUTES:RARITY_GEN
CREATURE,Piplup,393.png,GEN_ATTRIBUTES:RARITY_GEN
CREATURE,Prinplup,394.png,GEN_ATTRIBUTES:RARITY_GEN
CREATURE,Empoleon,395.png,GEN_ATTRIBUTES:RARITY_GEN
CREATURE,Starly,396.png,GEN_ATTRIBUTES:RARITY_GEN
CREATURE,Staravia,397.png,GEN_ATTRIBUTES:RARITY_GEN
CREATURE,Staraptor,398.png,GEN_ATTRIBUTES:RARITY_GEN
CREATURE,Bidoof,399.png,GEN_ATTRIBUTES:RARITY_GEN
CREATURE,Bibarel,400.png,GEN_ATTRIBUTES:RARITY_GEN
CREATURE,Kricketot,401.png,GEN_ATTRIBUTES:RARITY_GEN
CREATURE,Kricketune,402.png,GEN_ATTRIBUTES:RARITY_GEN
CREATURE,Shinx,403.png,GEN_ATTRIBUTES:RARITY_GEN
CREATURE,Luxio,404.png,GEN_ATTRIBUTES:RARITY_GEN
CREATURE,Luxray,405.png,GEN_ATTRIBUTES:RARITY_GEN
CREATURE,Budew,406.png,GEN_ATTRIBUTES:RARITY_GEN
CREATURE,Roserade,407.png,GEN_ATTRIBUTES:RARITY_GEN
CREATURE,Cranidos,408.png,GEN_ATTRIBUTES:RARITY_GEN
CREATURE,Rampardos,409.png,GEN_ATTRIBUTES:RARITY_GEN
CREATURE,Shieldon,410.png,GEN_ATTRIBUTES:RARITY_GEN
CREATURE,Bastiodon,411.png,GEN_ATTRIBUTES:RARITY_GEN
CREATURE,Burmy,412.png,GEN_ATTRIBUTES:RARITY_GEN
CREATURE,Wormadam,413.png,GEN_ATTRIBUTES:RARITY_GEN
CREATURE,Mothim,414.png,GEN_ATTRIBUTES:RARITY_GEN
CREATURE,Combee,415.png,GEN_ATTRIBUTES:RARITY_GEN
CREATURE,Vespiquen,416.png,GEN_ATTRIBUTES:RARITY_GEN
CREATURE,Pachirisu,417.png,GEN_ATTRIBUTES:RARITY_GEN
CREATURE,Buizel,418.png,GEN_ATTRIBUTES:RARITY_GEN
CREATURE,Floatzel,419.png,GEN_ATTRIBUTES:RARITY_GEN
CREATURE,Cherubi,420.png,GEN_ATTRIBUTES:RARITY_GEN
CREATURE,Cherrim,421.png,GEN_ATTRIBUTES:RARITY_GEN
CREATURE,Shellos,422.png,GEN_ATTRIBUTES:RARITY_GEN
CREATURE,Gastrodon,423.png,GEN_ATTRIBUTES:RARITY_GEN
CREATURE,Ambipom,424.png,GEN_ATTRIBUTES:RARITY_GEN
CREATURE,Drifloon,425.png,GEN_ATTRIBUTES:RARITY_GEN
CREATURE,Drifblim,426.png,GEN_ATTRIBUTES:RARITY_GEN
CREATURE,Buneary,427.png,GEN_ATTRIBUTES:RARITY_GEN
CREATURE,Lopunny,428.png,GEN_ATTRIBUTES:RARITY_GEN
CREATURE,Mismagius,429.png,GEN_ATTRIBUTES:RARITY_GEN
CREATURE,Honchkrow,430.png,GEN_ATTRIBUTES:RARITY_GEN
CREATURE,Glameow,431.png,GEN_ATTRIBUTES:RARITY_GEN
CREATURE,Purugly,432.png,GEN_ATTRIBUTES:RARITY_GEN
CREATURE,Chingling,433.png,GEN_ATTRIBUTES:RARITY_GEN
CREATURE,Stunky,434.png,GEN_ATTRIBUTES:RARITY_GEN
CREATURE,Skuntank,435.png,GEN_ATTRIBUTES:RARITY_GEN
CREATURE,Bronzor,436.png,GEN_ATTRIBUTES:RARITY_GEN
CREATURE,Bronzong,437.png,GEN_ATTRIBUTES:RARITY_GEN
CREATURE,Bonsly,438.png,GEN_ATTRIBUTES:RARITY_GEN
CREATURE,Mime Jr.,439.png,GEN_ATTRIBUTES:RARITY_GEN
CREATURE,Happiny,440.png,GEN_ATTRIBUTES:RARITY_GEN
CREATURE,Chatot,441.png,GEN_ATTRIBUTES:RARITY_GEN
CREATURE,Spiritomb,442.png,GEN_ATTRIBUTES:RARITY_GEN
CREATURE,Gible,443.png,GEN_ATTRIBUTES:RARITY_GEN
CREATURE,Gabite,444.png,GEN_ATTRIBUTES:RARITY_GEN
CREATURE,Garchomp,445.png,GEN_ATTRIBUTES:RARITY_GEN
CREATURE,Munchlax,446.png,GEN_ATTRIBUTES:RARITY_GEN
CREATURE,Riolu,447.png,GEN_ATTRIBUTES:RARITY_GEN
CREATURE,Lucario,448.png,GEN_ATTRIBUTES:RARITY_GEN
CREATURE,Hippopotas,449.png,GEN_ATTRIBUTES:RARITY_GEN
CREATURE,Hippowdon,450.png,GEN_ATTRIBUTES:RARITY_GEN
CREATURE,Skorupi,451.png,GEN_ATTRIBUTES:RARITY_GEN
CREATURE,Drapion,452.png,GEN_ATTRIBUTES:RARITY_GEN
CREATURE,Croagunk,453.png,GEN_ATTRIBUTES:RARITY_GEN
CREATURE,Toxicroak,454.png,GEN_ATTRIBUTES:RARITY_GEN
CREATURE,Carnivine,455.png,GEN_ATTRIBUTES:RARITY_GEN
CREATURE,Finneon,456.png,GEN_ATTRIBUTES:RARITY_GEN
CREATURE,Lumineon,457.png,GEN_ATTRIBUTES:RARITY_GEN
CREATURE,Mantyke,458.png,GEN_ATTRIBUTES:RARITY_GEN
CREATURE,Snover,459.png,GEN_ATTRIBUTES:RARITY_GEN
CREATURE,Abomasnow,460.png,GEN_ATTRIBUTES:RARITY_GEN
CREATURE,Weavile,461.png,GEN_ATTRIBUTES:RARITY_GEN
CREATURE,Magnezone,462.png,GEN_ATTRIBUTES:RARITY_GEN
CREATURE,Lickilicky,463.png,GEN_ATTRIBUTES:RARITY_GEN
CREATURE,Rhyperior,464.png,GEN_ATTRIBUTES:RARITY_GEN
CREATURE,Tangrowth,465.png,GEN_ATTRIBUTES:RARITY_GEN
CREATURE,Electivire,466.png,GEN_ATTRIBUTES:RARITY_GEN
CREATURE,Magmortar,467.png,GEN_ATTRIBUTES:RARITY_GEN
CREATURE,Togekiss,468.png,GEN_ATTRIBUTES:RARITY_GEN
CREATURE,Yanmega,469.png,GEN_ATTRIBUTES:RARITY_GEN
CREATURE,Leafeon,470.png,GEN_ATTRIBUTES:RARITY_GEN
CREATURE,Glaceon,471.png,GEN_ATTRIBUTES:RARITY_GEN
CREATURE,Gliscor,472.png,GEN_ATTRIBUTES:RARITY_GEN
CREATURE,Mamoswine,473.png,GEN_ATTRIBUTES:RARITY_GEN
CREATURE,Porygon-Z,474.png,GEN_ATTRIBUTES:RARITY_GEN
CREATURE,Gallade,475.png,GEN_ATTRIBUTES:RARITY_GEN
CREATURE,Probopass,476.png,GEN_ATTRIBUTES:RARITY_GEN
CREATURE,Dusknoir,477.png,GEN_ATTRIBUTES:RARITY_GEN
CREATURE,Froslass,478.png,GEN_ATTRIBUTES:RARITY_GEN
CREATURE,Rotom,479.png,GEN_ATTRIBUTES:RARITY_GEN
CREATURE,Uxie,480.png,GEN_ATTRIBUTES:RARITY_GEN
CREATURE,Mesprit,481.png,GEN_ATTRIBUTES:RARITY_GEN
CREATURE,Azelf,482.png,GEN_ATTRIBUTES:RARITY_GEN
CREATURE,Dialga,483.png,GEN_ATTRIBUTES:RARITY_GEN
CREATURE,Palkia,484.png,GEN_ATTRIBUTES:RARITY_GEN
CREATURE,Heatran,485.png,GEN_ATTRIBUTES:RARITY_GEN
CREATURE,Regigigas,486.png,GEN_ATTRIBUTES:RARITY_GEN
CREATURE,Giratina,487.png,GEN_ATTRIBUTES:RARITY_GEN
CREATURE,Cresselia,488.png,GEN_ATTRIBUTES:RARITY_GEN
CREATURE,Phione,489.png,GEN_ATTRIBUTES:RARITY_GEN
CREATURE,Manaphy,490.png,GEN_ATTRIBUTES:RARITY_GEN
CREATURE,Darkrai,491.png,GEN_ATTRIBUTES:RARITY_GEN
CREATURE,Shaymin,492.png,GEN_ATTRIBUTES:RARITY_GEN
CREATURE,Arceus,493.png,GEN_ATTRIBUTES:RARITY_GEN
CREATURE,Victini,494.png,GEN_ATTRIBUTES:RARITY_GEN
CREATURE,Snivy,495.png,GEN_ATTRIBUTES:RARITY_GEN
CREATURE,Servine,496.png,GEN_ATTRIBUTES:RARITY_GEN
CREATURE,Serperior,497.png,GEN_ATTRIBUTES:RARITY_GEN
CREATURE,Tepig,498.png,GEN_ATTRIBUTES:RARITY_GEN
CREATURE,Pignite,499.png,GEN_ATTRIBUTES:RARITY_GEN
CREATURE,Emboar,500.png,GEN_ATTRIBUTES:RARITY_GEN
CREATURE,Oshawott,501.png,GEN_ATTRIBUTES:RARITY_GEN
CREATURE,Dewott,502.png,GEN_ATTRIBUTES:RARITY_GEN
CREATURE,Samurott,503.png,GEN_ATTRIBUTES:RARITY_GEN
CREATURE,Patrat,504.png,GEN_ATTRIBUTES:RARITY_GEN
CREATURE,Watchog,505.png,GEN_ATTRIBUTES:RARITY_GEN
CREATURE,Lillipup,506.png,GEN_ATTRIBUTES:RARITY_GEN
CREATURE,Herdier,507.png,GEN_ATTRIBUTES:RARITY_GEN
CREATURE,Stoutland,508.png,GEN_ATTRIBUTES:RARITY_GEN
CREATURE,Purrloin,509.png,GEN_ATTRIBUTES:RARITY_GEN
CREATURE,Liepard,510.png,GEN_ATTRIBUTES:RARITY_GEN
CREATURE,Pansage,511.png,GEN_ATTRIBUTES:RARITY_GEN
CREATURE,Simisage,512.png,GEN_ATTRIBUTES:RARITY_GEN
CREATURE,Pansear,513.png,GEN_ATTRIBUTES:RARITY_GEN
CREATURE,Simisear,514.png,GEN_ATTRIBUTES:RARITY_GEN
CREATURE,Panpour,515.png,GEN_ATTRIBUTES:RARITY_GEN
CREATURE,Simipour,516.png,GEN_ATTRIBUTES:RARITY_GEN
CREATURE,Munna,517.png,GEN_ATTRIBUTES:RARITY_GEN
CREATURE,Musharna,518.png,GEN_ATTRIBUTES:RARITY_GEN
CREATURE,Pidove,519.png,GEN_ATTRIBUTES:RARITY_GEN
CREATURE,Tranquill,520.png,GEN_ATTRIBUTES:RARITY_GEN
CREATURE,Unfezant,521.png,GEN_ATTRIBUTES:RARITY_GEN
CREATURE,Blitzle,522.png,GEN_ATTRIBUTES:RARITY_GEN
CREATURE,Zebstrika,523.png,GEN_ATTRIBUTES:RARITY_GEN
CREATURE,Roggenrola,524.png,GEN_ATTRIBUTES:RARITY_GEN
CREATURE,Boldore,525.png,GEN_ATTRIBUTES:RARITY_GEN
CREATURE,Gigalith,526.png,GEN_ATTRIBUTES:RARITY_GEN
CREATURE,Woobat,527.png,GEN_ATTRIBUTES:RARITY_GEN
CREATURE,Swoobat,528.png,GEN_ATTRIBUTES:RARITY_GEN
CREATURE,Drilbur,529.png,GEN_ATTRIBUTES:RARITY_GEN
CREATURE,Excadrill,530.png,GEN_ATTRIBUTES:RARITY_GEN
CREATURE,Audino,531.png,GEN_ATTRIBUTES:RARITY_GEN
CREATURE,Timburr,532.png,GEN_ATTRIBUTES:RARITY_GEN
CREATURE,Gurdurr,533.png,GEN_ATTRIBUTES:RARITY_GEN
CREATURE,Conkeldurr,534.png,GEN_ATTRIBUTES:RARITY_GEN
CREATURE,Tympole,535.png,GEN_ATTRIBUTES:RARITY_GEN
CREATURE,Palpitoad,536.png,GEN_ATTRIBUTES:RARITY_GEN
CREATURE,Seismitoad,537.png,GEN_ATTRIBUTES:RARITY_GEN
CREATURE,Throh,538.png,GEN_ATTRIBUTES:RARITY_GEN
CREATURE,Sawk,539.png,GEN_ATTRIBUTES:RARITY_GEN
CREATURE,Sewaddle,540.png,GEN_ATTRIBUTES:RARITY_GEN
CREATURE,Swadloon,541.png,GEN_ATTRIBUTES:RARITY_GEN
CREATURE,Leavanny,542.png,GEN_ATTRIBUTES:RARITY_GEN
CREATURE,Venipede,543.png,GEN_ATTRIBUTES:RARITY_GEN
CREATURE,Whirlipede,544.png,GEN_ATTRIBUTES:RARITY_GEN
CREATURE,Scolipede,545.png,GEN_ATTRIBUTES:RARITY_GEN
CREATURE,Cottonee,546.png,GEN_ATTRIBUTES:RARITY_GEN
CREATURE,Whimsicott,547.png,GEN_ATTRIBUTES:RARITY_GEN
CREATURE,Petilil,548.png,GEN_ATTRIBUTES:RARITY_GEN
CREATURE,Lilligant,549.png,GEN_ATTRIBUTES:RARITY_GEN
CREATURE,Basculin,550.png,GEN_ATTRIBUTES:RARITY_GEN
CREATURE,Sandile,551.png,GEN_ATTRIBUTES:RARITY_GEN
CREATURE,Krokorok,552.png,GEN_ATTRIBUTES:RARITY_GEN
CREATURE,Krookodile,553.png,GEN_ATTRIBUTES:RARITY_GEN
CREATURE,Darumaka,554.png,GEN_ATTRIBUTES:RARITY_GEN
CREATURE,Darmanitan,555.png,GEN_ATTRIBUTES:RARITY_GEN
CREATURE,Maractus,556.png,GEN_ATTRIBUTES:RARITY_GEN
CREATURE,Dwebble,557.png,GEN_ATTRIBUTES:RARITY_GEN
CREATURE,Crustle,558.png,GEN_ATTRIBUTES:RARITY_GEN
CREATURE,Scraggy,559.png,GEN_ATTRIBUTES:RARITY_GEN
CREATURE,Scrafty,560.png,GEN_ATTRIBUTES:RARITY_GEN
CREATURE,Sigilyph,561.png,GEN_ATTRIBUTES:RARITY_GEN
CREATURE,Yamask,562.png,GEN_ATTRIBUTES:RARITY_GEN
CREATURE,Cofagrigus,563.png,GEN_ATTRIBUTES:RARITY_GEN
CREATURE,Tirtouga,564.png,GEN_ATTRIBUTES:RARITY_GEN
CREATURE,Carracosta,565.png,GEN_ATTRIBUTES:RARITY_GEN
CREATURE,Archen,566.png,GEN_ATTRIBUTES:RARITY_GEN
CREATURE,Archeops,567.png,GEN_ATTRIBUTES:RARITY_GEN
CREATURE,Trubbish,568.png,GEN_ATTRIBUTES:RARITY_GEN
CREATURE,Garbodor,569.png,GEN_ATTRIBUTES:RARITY_GEN
CREATURE,Zorua,570.png,GEN_ATTRIBUTES:RARITY_GEN
CREATURE,Zoroark,571.png,GEN_ATTRIBUTES:RARITY_GEN
CREATURE,Minccino,572.png,GEN_ATTRIBUTES:RARITY_GEN
CREATURE,Cinccino,573.png,GEN_ATTRIBUTES:RARITY_GEN
CREATURE,Gothita,574.png,GEN_ATTRIBUTES:RARITY_GEN
CREATURE,Gothorita,575.png,GEN_ATTRIBUTES:RARITY_GEN
CREATURE,Gothitelle,576.png,GEN_ATTRIBUTES:RARITY_GEN
CREATURE,Solosis,577.png,GEN_ATTRIBUTES:RARITY_GEN
CREATURE,Duosion,578.png,GEN_ATTRIBUTES:RARITY_GEN
CREATURE,Reuniclus,579.png,GEN_ATTRIBUTES:RARITY_GEN
CREATURE,Ducklett,580.png,GEN_ATTRIBUTES:RARITY_GEN
CREATURE,Swanna,581.png,GEN_ATTRIBUTES:RARITY_GEN
CREATURE,Vanillite,582.png,GEN_ATTRIBUTES:RARITY_GEN
CREATURE,Vanillish,583.png,GEN_ATTRIBUTES:RARITY_GEN
CREATURE,Vanilluxe,584.png,GEN_ATTRIBUTES:RARITY_GEN
CREATURE,Deerling,585.png,GEN_ATTRIBUTES:RARITY_GEN
CREATURE,Sawsbuck,586.png,GEN_ATTRIBUTES:RARITY_GEN
CREATURE,Emolga,587.png,GEN_ATTRIBUTES:RARITY_GEN
CREATURE,Karrablast,588.png,GEN_ATTRIBUTES:RARITY_GEN
CREATURE,Escavalier,589.png,GEN_ATTRIBUTES:RARITY_GEN
CREATURE,Foongus,590.png,GEN_ATTRIBUTES:RARITY_GEN
CREATURE,Amoonguss,591.png,GEN_ATTRIBUTES:RARITY_GEN
CREATURE,Frillish,592.png,GEN_ATTRIBUTES:RARITY_GEN
CREATURE,Jellicent,593.png,GEN_ATTRIBUTES:RARITY_GEN
CREATURE,Alomomola,594.png,GEN_ATTRIBUTES:RARITY_GEN
CREATURE,Joltik,595.png,GEN_ATTRIBUTES:RARITY_GEN
CREATURE,Galvantula,596.png,GEN_ATTRIBUTES:RARITY_GEN
CREATURE,Ferroseed,597.png,GEN_ATTRIBUTES:RARITY_GEN
CREATURE,Ferrothorn,598.png,GEN_ATTRIBUTES:RARITY_GEN
CREATURE,Klink,599.png,GEN_ATTRIBUTES:RARITY_GEN
CREATURE,Klang,600.png,GEN_ATTRIBUTES:RARITY_GEN
CREATURE,Klinklang,601.png,GEN_ATTRIBUTES:RARITY_GEN
CREATURE,Tynamo,602.png,GEN_ATTRIBUTES:RARITY_GEN
CREATURE,Eelektrik,603.png,GEN_ATTRIBUTES:RARITY_GEN
CREATURE,Eelektross,604.png,GEN_ATTRIBUTES:RARITY_GEN
CREATURE,Elgyem,605.png,GEN_ATTRIBUTES:RARITY_GEN
CREATURE,Beheeyem,606.png,GEN_ATTRIBUTES:RARITY_GEN
CREATURE,Litwick,607.png,GEN_ATTRIBUTES:RARITY_GEN
CREATURE,Lampent,608.png,GEN_ATTRIBUTES:RARITY_GEN
CREATURE,Chandelure,609.png,GEN_ATTRIBUTES:RARITY_GEN
CREATURE,Axew,610.png,GEN_ATTRIBUTES:RARITY_GEN
CREATURE,Fraxure,611.png,GEN_ATTRIBUTES:RARITY_GEN
CREATURE,Haxorus,612.png,GEN_ATTRIBUTES:RARITY_GEN
CREATURE,Cubchoo,613.png,GEN_ATTRIBUTES:RARITY_GEN
CREATURE,Beartic,614.png,GEN_ATTRIBUTES:RARITY_GEN
CREATURE,Cryogonal,615.png,GEN_ATTRIBUTES:RARITY_GEN
CREATURE,Shelmet,616.png,GEN_ATTRIBUTES:RARITY_GEN
CREATURE,Accelgor,617.png,GEN_ATTRIBUTES:RARITY_GEN
CREATURE,Stunfisk,618.png,GEN_ATTRIBUTES:RARITY_GEN
CREATURE,Mienfoo,619.png,GEN_ATTRIBUTES:RARITY_GEN
CREATURE,Mienshao,620.png,GEN_ATTRIBUTES:RARITY_GEN
CREATURE,Druddigon,621.png,GEN_ATTRIBUTES:RARITY_GEN
CREATURE,Golett,622.png,GEN_ATTRIBUTES:RARITY_GEN
CREATURE,Golurk,623.png,GEN_ATTRIBUTES:RARITY_GEN
CREATURE,Pawniard,624.png,GEN_ATTRIBUTES:RARITY_GEN
CREATURE,Bisharp,625.png,GEN_ATTRIBUTES:RARITY_GEN
CREATURE,Bouffalant,626.png,GEN_ATTRIBUTES:RARITY_GEN
CREATURE,Rufflet,627.png,GEN_ATTRIBUTES:RARITY_GEN
CREATURE,Braviary,628.png,GEN_ATTRIBUTES:RARITY_GEN
CREATURE,Vullaby,629.png,GEN_ATTRIBUTES:RARITY_GEN
CREATURE,Mandibuzz,630.png,GEN_ATTRIBUTES:RARITY_GEN
CREATURE,Heatmor,631.png,GEN_ATTRIBUTES:RARITY_GEN
CREATURE,Durant,632.png,GEN_ATTRIBUTES:RARITY_GEN
CREATURE,Deino,633.png,GEN_ATTRIBUTES:RARITY_GEN
CREATURE,Zweilous,634.png,GEN_ATTRIBUTES:RARITY_GEN
CREATURE,Hydreigon,635.png,GEN_ATTRIBUTES:RARITY_GEN
CREATURE,Larvesta,636.png,GEN_ATTRIBUTES:RARITY_GEN
CREATURE,Volcarona,637.png,GEN_ATTRIBUTES:RARITY_GEN
CREATURE,Cobalion,638.png,GEN_ATTRIBUTES:RARITY_GEN
CREATURE,Terrakion,639.png,GEN_ATTRIBUTES:RARITY_GEN
CREATURE,Virizion,640.png,GEN_ATTRIBUTES:RARITY_GEN
CREATURE,Tornadus,641.png,GEN_ATTRIBUTES:RARITY_GEN
CREATURE,Thundurus,642.png,GEN_ATTRIBUTES:RARITY_GEN
CREATURE,Reshiram,643.png,GEN_ATTRIBUTES:RARITY_GEN
CREATURE,Zekrom,644.png,GEN_ATTRIBUTES:RARITY_GEN
CREATURE,Landorus,645.png,GEN_ATTRIBUTES:RARITY_GEN
CREATURE,Kyurem,646.png,GEN_ATTRIBUTES:RARITY_GEN
CREATURE,Keldeo,647.png,GEN_ATTRIBUTES:RARITY_GEN
CREATURE,Meloetta,648.png,GEN_ATTRIBUTES:RARITY_GEN
CREATURE,Genesect,649.png,GEN_ATTRIBUTES:RARITY_GEN